{
  "loss": [
    1.5726916790008545,
    1.1915885210037231,
    0.9854024648666382,
    0.8081459403038025,
    0.6766282916069031,
    0.5031718611717224,
    0.36873316764831543
  ],
  "accuracy": [
    0.3227081000804901,
    0.36459431052207947,
    0.5071127414703369,
    0.6214436292648315,
    0.7255005240440369,
    0.8166490793228149,
    0.8819810152053833
  ],
  "val_loss": [
    1.077759027481079,
    1.0053682327270508,
    0.748940110206604,
    0.7220272421836853,
    0.7344434857368469,
    0.7914274334907532,
    0.9761015176773071
  ],
  "val_accuracy": [
    0.4207407534122467,
    0.5318518280982971,
    0.7022222280502319,
    0.6888889074325562,
    0.6800000071525574,
    0.6844444274902344,
    0.6859259009361267
  ],
  "lr": [
    4.720000106317457e-06,
    9.479999789618887e-06,
    1.4239999472920317e-05,
    1.8999999156221747e-05,
    1.9980921933893114e-05,
    1.9956794858444482e-05,
    1.9932696886826307e-05
  ]
}